variable,importance
Weight,0.5836820968456629
Age,0.3177388450793266
Gender,0.049918571441391286
AcuteInsult,0.047661805516123715
ChronicRisk,0.000998681117495722
ICUType_1,0.0
ICUType_2,0.0
ICUType_3,0.0
ICUType_4,0.0
