variable,importance
Weight,0.534166475105955
Age,0.3630494889237411
AcuteInsult,0.055530380201098725
Gender,0.04464090678221334
ChronicRisk,0.0026127489869917932
ICUType_1,0.0
ICUType_2,0.0
ICUType_3,0.0
ICUType_4,0.0
