variable,importance
Weight,0.4479530328472168
Age,0.3525526414494091
AcuteInsult,0.16377647588683075
Gender,0.03297459664813037
ChronicRisk,0.0027432531684129036
ICUType_1,0.0
ICUType_2,0.0
ICUType_3,0.0
ICUType_4,0.0
