variable,importance
Weight,0.7460309014700148
Age,0.21268267378846775
AcuteInsult,0.02383278264382111
Gender,0.01663041636629121
ChronicRisk,0.0008232257314050007
ICUType_1,0.0
ICUType_2,0.0
ICUType_3,0.0
ICUType_4,0.0
