variable,importance
Weight,0.48067646616009374
Age,0.4253904476703267
AcuteInsult,0.046616987091736214
Gender,0.04530743789825528
ChronicRisk,0.002008661179588118
ICUType_1,0.0
ICUType_2,0.0
ICUType_3,0.0
ICUType_4,0.0
