variable,importance
Age,0.45237235387039476
Weight,0.35632073771777295
AcuteInsult,0.16804917758868704
Gender,0.022687412020776523
ChronicRisk,0.0005703188023688393
ICUType_1,0.0
ICUType_2,0.0
ICUType_3,0.0
ICUType_4,0.0
