variable,importance
Weight,0.47243581337816876
Age,0.38557301991057563
AcuteInsult,0.08915114342566857
Gender,0.050968716002103176
ChronicRisk,0.0018713072834838633
ICUType_1,0.0
ICUType_2,0.0
ICUType_3,0.0
ICUType_4,0.0
