variable,importance
Age,0.4973273696297933
Weight,0.4700702592358138
Gender,0.031579961076676086
ChronicRisk,0.0010224100577169379
ICUType_1,0.0
ICUType_2,0.0
ICUType_3,0.0
ICUType_4,0.0
