variable,importance
Weight,0.5603518808325828
Age,0.38477901438866496
AcuteInsult,0.03104839517519118
Gender,0.02267301005072836
ChronicRisk,0.0011476995528325318
ICUType_1,0.0
ICUType_2,0.0
ICUType_3,0.0
ICUType_4,0.0
