variable,importance
Age,0.598118913091078
Weight,0.2635589629755213
AcuteInsult,0.11015666026459217
Gender,0.02146353126173379
ChronicRisk,0.0067019324070746915
ICUType_1,0.0
ICUType_2,0.0
ICUType_3,0.0
ICUType_4,0.0
