variable,importance
Age,0.4627784669828971
Weight,0.43710197690205754
Gender,0.05850899106969902
AcuteInsult,0.0416105650453463
ICUType_1,0.0
ICUType_2,0.0
ICUType_3,0.0
ICUType_4,0.0
